{
  "title": {
    "first": "Joseph",
    "last": "Anderson",
    "back": "Joseph",
    "content": [
      "I am a highly motivated self-driven developer with over 7 years of experience in Blockchain and Web technologies.!"
    ]
  },
  "profile": {
    "birthday": "12TH April, 1994",
    "language": ["English", "Malay"],
    "expertin": ["Smart Contract", "Dapp"],
    "freelance": "Available",
    "content": "I am passionate about emerging technologies and maintain a strong foundation in these fields. My career has allowed me to boost startups and businesses within the IT industry while establishing a successful employment history. First and foremost, my focus would be on fulfilling your needs."
  },
  "skillClass": [
    "opacity-100",
    "opacity-100",
    "opacity-90",
    "opacity-70",
    "opacity-50",
    "opacity-30",
    "opacity-10",
    "opacity-0"
  ],
  "skills": [
    {
      "tag": ["OOP", "Solidity", "LANDING"],
      "language": "Solidity/Hardhat",
      "value": 94
    },
    {
      "tag": ["OOP", "JS", "LANDING"],
      "language": "React/Next",
      "value": 92
    },
    {
      "tag": ["OOP", "JS", "LANDING"],
      "language": "Typescript",
      "value": 92
    },
    {
      "tag": ["OOP", "JS", "LANDING"],
      "language": "Next.js",
      "value": 80
    },
    {
      "tag": ["OOP", "JS", "LANDING"],
      "language": "Node.js",
      "value": 90
    },
    {
      "tag": ["OOP", "JS", "LANDING"],
      "language": "ExpressJs",
      "value": 90
    },
    {
      "tag": ["OOP", "JS", "LANDING"],
      "language": "NestJS",
      "value": 90
    },
    {
      "tag": ["OOP", "PHP", "LANDING"],
      "language": "Laravel",
      "value": 78
    },
    {
      "tag": ["OOP", "PYTHON", "LANDING"],
      "language": "Django",
      "value": 78
    },
    {
      "tag": ["OOP", "JS"],
      "language": "Jquery",
      "value": 80
    },
    {
      "tag": ["STYLE", "CSS", "LANDING"],
      "language": "Tailwind CSS",
      "value": 90
    },
    {
      "tag": ["STYLE", "CSS"],
      "language": "Bootstrap",
      "value": 75
    },
    {
      "tag": ["STYLE", "CSS", "LANDING"],
      "language": "Styled-components",
      "value": 90
    },
    {
      "tag": ["STYLE", "CSS", "LANDING"],
      "language": "SCSS",
      "value": 90
    },
    {
      "tag": ["DB", "SQL"],
      "language": "MySql",
      "value": 75
    },
    {
      "tag": ["DB", "SQL"],
      "language": "PostgreSql",
      "value": 86
    },
    {
      "tag": ["DB", "NOSQL"],
      "language": "MongoDB",
      "value": 88
    }
  ]
}
