{
  "title": {
    "first": "get in",
    "last": "touch",
    "back": "contact",
    "content": [
      "Just feel free to contact me, whoever you are and with whatever you want. You will be always welcome."
    ]
  },
  "contact": [
    {
      "type": "email",
      "value": "devanderson0412@gmail.com"
    },
    {
      "type": "telegram",
      "value": "t.me/devanderson412"
    },
    {
      "type": "github",
      "value": "https://github.com/devlancer412"
    },
    {
      "type": "linkedin",
      "value": "https://www.linkedin.com/in/joseph-anderson-01b421244/"
    }
  ]
}
