{
  "title": {
    "first": "Joseph",
    "last": "Anderson",
    "back": "About",
    "content": [
      "I am a highly motivated self-driven developer with over 7 years of experience in Blockchain and Web technologies.!",
      "I am passionate about emerging technologies and maintain a strong foundation in these fields. My career has allowed me to boost startups and businesses within the IT industry while establishing a successful employment history. First and foremost, my focus would be on fulfilling your needs."
    ]
  },
  "profile": [
    "Full-Stack Blockchain Developer",
    "Responsible Freelancer",
    "Joseph Anderson"
  ]
}
